question,answer,category
Como acompanho o status do meu pedido?,"Acesse Minha Conta > Meus Pedidos. Lá aparecem o status (processando, em trânsito, entregue ou cancelado), a previsão de entrega e, depois do despacho, o código de rastreio.",orders
Posso cancelar meu pedido?,"Sim, sem custo, enquanto ele estiver com status processando, ou seja, antes do despacho. Use o botão ""Cancelar pedido"" em Minha Conta > Meus Pedidos ou fale com o atendimento. Depois do envio não é possível cancelar, mas você pode recusar a entrega ou pedir a devolução em até 30 dias após receber.",orders
Consigo mudar o endereço de um pedido já feito?,"Somente enquanto o pedido estiver processando, pelo chat com um atendente humano. Se o novo CEP mudar o frete ou o prazo, os valores são recalculados. Depois do despacho, o endereço não pode mais ser alterado.",orders
Meu pedido foi cancelado sem eu pedir. Por quê?,"Os motivos mais comuns são: Pix não pago em 30 minutos, boleto não pago até o vencimento, cartão recusado pela operadora ou reprovação na análise antifraude. Pedidos cancelados antes do pagamento não geram cobrança.",orders
Posso cancelar só um item de um pedido com vários produtos?,"Sim, antes do envio, mas o cancelamento parcial é feito apenas pelo atendimento humano (chat, WhatsApp ou telefone). Se o valor restante ficar abaixo de R$ 299,00, o frete grátis é mantido.",orders
Onde encontro a nota fiscal da minha compra?,A nota fiscal eletrônica é emitida no despacho e enviada por e-mail em PDF e XML. Ela também fica disponível em Minha Conta > Meus Pedidos > Nota fiscal.,orders
Existe limite de unidades por pedido?,"No site, o limite é de 10 unidades de cada produto por pedido. Para quantidades maiores, empresas podem pedir cotação à TechNova Empresas pelo e-mail empresas@technova.com.br.",orders
Quais formas de pagamento a TechNova aceita?,"Pix (com 5% de desconto nos produtos), cartão de crédito (até 10x sem juros em compras acima de R$ 500,00) e boleto bancário à vista, com vencimento em 3 dias úteis. Não aceitamos pagamento na entrega.",payment
"Posso parcelar uma compra de R$ 400,00?","Compras de até R$ 500,00 podem ser pagas à vista ou em até 3x sem juros no cartão de crédito. O parcelamento em até 10x sem juros vale para compras acima de R$ 500,00. A parcela mínima é de R$ 50,00.",payment
Quanto tempo tenho para pagar o Pix?,"O QR Code e o código copia e cola valem por 30 minutos. Depois disso, o código expira e o pedido é cancelado automaticamente.",payment
Posso pagar um pedido com dois cartões?,Sim. É possível dividir o valor do pedido entre até 2 cartões de crédito.,payment
Meu boleto venceu. Consigo gerar outro?,"Não. Boleto vencido não pode ser pago nem reemitido, e o pedido é cancelado automaticamente. Faça um novo pedido. A segunda via só pode ser emitida antes do vencimento.",payment
O desconto do Pix vale para o frete?,Não. O desconto de 5% do Pix é aplicado somente sobre o valor dos produtos.,payment
Qual o valor mínimo para ter frete grátis?,"O frete é grátis para compras acima de R$ 299,00 na modalidade Normal. O valor considerado é o dos produtos após os descontos, sem o frete.",shipping
Qual o prazo de entrega?,"Na modalidade Normal, de 3 a 7 dias úteis para capitais e de 5 a 12 dias úteis para as demais localidades, contados a partir da confirmação do pagamento.",shipping
Quais transportadoras fazem as entregas?,"Correios, Loggi, Jadlog e Total Express. A TechNova escolhe a transportadora de acordo com o CEP e o pacote.",shipping
Quando recebo o código de rastreio?,O código de rastreio é enviado por e-mail assim que o pedido é despachado e também aparece em Minha Conta > Meus Pedidos. A primeira movimentação pode levar até 24 horas para aparecer.,shipping
Vocês têm entrega expressa?,"Sim. A modalidade Expressa entrega em 1 a 2 dias úteis nas capitais do Sudeste e do Sul (São Paulo, Rio de Janeiro, Belo Horizonte, Vitória, Curitiba, Florianópolis e Porto Alegre). Ela é sempre paga e não entra no frete grátis.",shipping
Posso retirar meu pedido em uma loja?,Não. A TechNova é uma loja exclusivamente online e não tem lojas físicas nem pontos de retirada. Todos os pedidos são entregues no endereço informado.,shipping
O que acontece se eu não estiver em casa na entrega?,"A transportadora faz até 3 tentativas. Se nenhuma der certo, o pedido volta ao centro de distribuição e você escolhe entre reenvio (com novo frete, exceto se a compra tinha frete grátis) ou reembolso integral.",shipping
Qual o prazo para trocar um produto?,"Até 30 dias corridos após a entrega, com o produto sem sinais de uso, com todos os acessórios e na embalagem original. O frete da troca é gratuito.",exchanges
Posso trocar por outra cor ou outro modelo?,"Sim, no mesmo prazo de 30 dias e nas mesmas condições, sujeito a estoque. Se o novo produto for mais caro, você paga a diferença; se for mais barato, a diferença é estornada na forma de pagamento original.",exchanges
Como envio o produto para troca ou devolução?,"Solicite em Minha Conta > Meus Pedidos > Solicitar troca ou devolução. Você recebe por e-mail um código de postagem dos Correios, válido por 10 dias corridos, para postar o produto sem custo em qualquer agência.",exchanges
Em quanto tempo recebo o reembolso?,"Depois da aprovação por um atendente humano, o valor é estornado em até 10 dias úteis na mesma forma de pagamento usada na compra (cartão, Pix ou boleto).",exchanges
O produto chegou quebrado. O que faço?,"Registre a ocorrência em até 7 dias corridos após a entrega, com fotos da embalagem externa, da etiqueta e do produto, e não descarte a embalagem. A TechNova envia um produto novo sem custo ou faz o reembolso integral, incluindo o frete.",exchanges
Posso devolver um fone intra-auricular que já usei?,"Por arrependimento, não: fones intra-auriculares com o lacre higiênico das ponteiras violado não podem ser trocados ou devolvidos por desistência. Em caso de defeito, a garantia de 12 meses continua valendo.",exchanges
Qual é a garantia dos produtos?,"Todos os produtos têm 12 meses de garantia contra defeitos de fabricação, contados a partir da data de entrega.",warranty
O que preciso para acionar a garantia?,"O número do pedido é obrigatório. Informe também a descrição do problema, fotos ou vídeo e o número de série. Acione em Minha Conta > Meus Pedidos > Acionar garantia ou pelo atendimento.",warranty
A garantia cobre tela quebrada por queda?,"Não. A garantia não cobre danos por queda, contato com líquidos (exceto em produtos com certificação de resistência) ou mau uso.",warranty
Quanto tempo leva o reparo em garantia?,"A assistência técnica credenciada tem até 30 dias corridos após receber o produto para o diagnóstico e o reparo. Se não resolver nesse prazo, você pode escolher troca, abatimento proporcional ou reembolso.",warranty
A garantia cobre danos por água na Caixa de Som Nova Boom?,"Sim, dentro dos limites da certificação IPX7: submersão em água doce até 1 m por até 30 minutos, com a tampa da porta USB-C fechada. Danos fora desses limites, como usar com a tampa aberta ou carregar a caixa molhada, não são cobertos.",warranty
A bateria do meu fone está durando menos. Isso é coberto?,"A perda gradual de autonomia é natural. Mas se a bateria estiver com menos de 80% da capacidade original dentro dos 12 meses de garantia, isso é considerado defeito e é coberto.",warranty
Esqueci minha senha. Como recupero?,"Na tela de login, clique em ""Esqueci minha senha"". Você recebe um link por e-mail válido por 1 hora para criar uma nova senha.",account
Minha conta foi bloqueada. O que aconteceu?,"Após 5 tentativas de login com senha errada, o acesso é bloqueado por 30 minutos. Aguarde ou use a opção ""Esqueci minha senha"".",account
Como troco o e-mail da minha conta?,"A troca do e-mail de acesso é feita pelo atendimento, com confirmação de identidade (CPF, data de nascimento e dados de um pedido recente).",account
Como excluo minha conta e meus dados?,"Acesse Minha Conta > Privacidade > Excluir minha conta ou escreva para privacidade@technova.com.br. Os pontos Nova Pontos são perdidos, e dados que a lei obriga a guardar, como notas fiscais, são mantidos pelo prazo legal.",account
Como funcionam os pontos do Nova Pontos?,"Você ganha 1 ponto a cada R$ 1,00 em produtos (o frete não conta), creditados 30 dias após a entrega. Cada 100 pontos valem R$ 5,00 de desconto, com resgate mínimo de 1.000 pontos. Os pontos valem por 12 meses.",account
O Smartphone Nova X é à prova d'água?,"Não. O Smartphone Nova X não tem certificação de resistência à água, e danos por líquidos não são cobertos pela garantia. Entre os produtos de áudio, o Fone Nova Sport tem IPX5 e a Caixa de Som Nova Boom tem IPX7.",products
Qual a autonomia da bateria do Fone Nova Buds?,"Até 6 horas com o cancelamento de ruído ligado (8 horas desligado) e até 24 horas no total com o estojo, com o cancelamento de ruído ligado.",products
O Monitor Nova View 27 chega a 165 Hz pelo HDMI?,"Não. A taxa de 165 Hz só é alcançada pela entrada DisplayPort. Pelas entradas HDMI, o limite é de 144 Hz.",products
